{
  "best_model": "logistic_regression",
  "test_metrics": {
    "accuracy": 0.8852459016393442,
    "precision": 0.8387096774193549,
    "recall": 0.9285714285714286,
    "f1_score": 0.8813559322033898,
    "roc_auc": 0.9664502164502166
  }
}